Comparison,Schedule 1 mean,Schedule 2 mean,Mann-Whitney exact p
Pre total findings,14.333333333333334,12.666666666666666,0.3939393939393939
Pre weighted score,39.5,32.5,0.24025974025974026
Weighted improvement,17.666666666666668,9.833333333333334,0.48484848484848486
